,id,topic_id,timestamp,data
0,1,1,1643988688898842886,"rcl_interfaces.msg.Log(stamp=builtin_interfaces.msg.Time(sec=1643988688, nanosec=898359007), level=20, name='dc_motor', msg=""Publishing velocity: '0.000000'"", file='/home/matheuswagner/repos/adaptive-cubesat-adcs/cubesat-simulation/src/cubesat_gazebo/plugins/dc_motor_plugin/src/dc_motor_plugin.cc', function='Publish', line=67)"
1,2,1,1643988688898975860,"rcl_interfaces.msg.Log(stamp=builtin_interfaces.msg.Time(sec=1643988688, nanosec=898839673), level=20, name='dc_motor', msg=""Publishing current: '0.000000'"", file='/home/matheuswagner/repos/adaptive-cubesat-adcs/cubesat-simulation/src/cubesat_gazebo/plugins/dc_motor_plugin/src/dc_motor_plugin.cc', function='Publish', line=71)"
2,3,4,1643988688899013988,std_msgs.msg.Float32(data=0.0)
3,4,5,1643988688899045643,std_msgs.msg.Float32(data=0.0)
4,5,6,1643988688914440561,"rosgraph_msgs.msg.Clock(clock=builtin_interfaces.msg.Time(sec=5, nanosec=879400000))"
5,6,6,1643988689016322401,"rosgraph_msgs.msg.Clock(clock=builtin_interfaces.msg.Time(sec=5, nanosec=888900000))"
6,7,1,1643988689093109433,"rcl_interfaces.msg.Log(stamp=builtin_interfaces.msg.Time(sec=1643988689, nanosec=92853563), level=20, name='minimal_publisher', msg=""Publishing: '5'"", file='/home/matheuswagner/repos/adaptive-cubesat-adcs/cubesat-simulation/src/cubesat_controller/src/controller.cpp', function='timer_callback', line=38)"
7,8,3,1643988689093292682,std_msgs.msg.Int32(data=5)
8,9,6,1643988689116557404,"rosgraph_msgs.msg.Clock(clock=builtin_interfaces.msg.Time(sec=5, nanosec=899000000))"
9,10,6,1643988689217129395,"rosgraph_msgs.msg.Clock(clock=builtin_interfaces.msg.Time(sec=5, nanosec=909300000))"
10,11,6,1643988689317967914,"rosgraph_msgs.msg.Clock(clock=builtin_interfaces.msg.Time(sec=5, nanosec=919100000))"
11,12,6,1643988689418123939,"rosgraph_msgs.msg.Clock(clock=builtin_interfaces.msg.Time(sec=5, nanosec=929200000))"
12,13,6,1643988689518689346,"rosgraph_msgs.msg.Clock(clock=builtin_interfaces.msg.Time(sec=5, nanosec=939300000))"
13,14,6,1643988689619242281,"rosgraph_msgs.msg.Clock(clock=builtin_interfaces.msg.Time(sec=5, nanosec=949200000))"
14,15,6,1643988689719789865,"rosgraph_msgs.msg.Clock(clock=builtin_interfaces.msg.Time(sec=5, nanosec=959000000))"
15,16,6,1643988689819745824,"rosgraph_msgs.msg.Clock(clock=builtin_interfaces.msg.Time(sec=5, nanosec=969000000))"
16,17,1,1643988689898847993,"rcl_interfaces.msg.Log(stamp=builtin_interfaces.msg.Time(sec=1643988689, nanosec=898159866), level=20, name='dc_motor', msg=""Publishing velocity: '3.680574'"", file='/home/matheuswagner/repos/adaptive-cubesat-adcs/cubesat-simulation/src/cubesat_gazebo/plugins/dc_motor_plugin/src/dc_motor_plugin.cc', function='Publish', line=67)"
17,18,4,1643988689899183253,std_msgs.msg.Float32(data=3.6805741786956787)
18,19,1,1643988689899574033,"rcl_interfaces.msg.Log(stamp=builtin_interfaces.msg.Time(sec=1643988689, nanosec=898467494), level=20, name='dc_motor', msg=""Publishing current: '0.581781'"", file='/home/matheuswagner/repos/adaptive-cubesat-adcs/cubesat-simulation/src/cubesat_gazebo/plugins/dc_motor_plugin/src/dc_motor_plugin.cc', function='Publish', line=71)"
19,20,5,1643988689899881596,std_msgs.msg.Float32(data=0.581780731678009)
20,21,6,1643988689920394841,"rosgraph_msgs.msg.Clock(clock=builtin_interfaces.msg.Time(sec=5, nanosec=978800000))"
21,22,6,1643988690020654486,"rosgraph_msgs.msg.Clock(clock=builtin_interfaces.msg.Time(sec=5, nanosec=988700000))"
22,23,1,1643988690093526666,"rcl_interfaces.msg.Log(stamp=builtin_interfaces.msg.Time(sec=1643988690, nanosec=92922168), level=20, name='minimal_publisher', msg=""Publishing: '10'"", file='/home/matheuswagner/repos/adaptive-cubesat-adcs/cubesat-simulation/src/cubesat_controller/src/controller.cpp', function='timer_callback', line=38)"
23,24,3,1643988690093833173,std_msgs.msg.Int32(data=10)
24,25,6,1643988690120988490,"rosgraph_msgs.msg.Clock(clock=builtin_interfaces.msg.Time(sec=5, nanosec=998700000))"
25,26,6,1643988690221684289,"rosgraph_msgs.msg.Clock(clock=builtin_interfaces.msg.Time(sec=6, nanosec=9000000))"
26,27,6,1643988690322594876,"rosgraph_msgs.msg.Clock(clock=builtin_interfaces.msg.Time(sec=6, nanosec=19000000))"
27,28,6,1643988690422378248,"rosgraph_msgs.msg.Clock(clock=builtin_interfaces.msg.Time(sec=6, nanosec=29000000))"
28,29,6,1643988690523395936,"rosgraph_msgs.msg.Clock(clock=builtin_interfaces.msg.Time(sec=6, nanosec=39100000))"
29,30,6,1643988690623404708,"rosgraph_msgs.msg.Clock(clock=builtin_interfaces.msg.Time(sec=6, nanosec=49200000))"
30,31,6,1643988690723617472,"rosgraph_msgs.msg.Clock(clock=builtin_interfaces.msg.Time(sec=6, nanosec=59300000))"
31,32,6,1643988690824709584,"rosgraph_msgs.msg.Clock(clock=builtin_interfaces.msg.Time(sec=6, nanosec=69300000))"
32,33,1,1643988690898464627,"rcl_interfaces.msg.Log(stamp=builtin_interfaces.msg.Time(sec=1643988690, nanosec=898119129), level=20, name='dc_motor', msg=""Publishing velocity: '11.814216'"", file='/home/matheuswagner/repos/adaptive-cubesat-adcs/cubesat-simulation/src/cubesat_gazebo/plugins/dc_motor_plugin/src/dc_motor_plugin.cc', function='Publish', line=67)"
33,34,4,1643988690898626342,std_msgs.msg.Float32(data=11.814215660095215)
34,35,5,1643988690898679146,std_msgs.msg.Float32(data=1.1413344144821167)
35,36,1,1643988690898738790,"rcl_interfaces.msg.Log(stamp=builtin_interfaces.msg.Time(sec=1643988690, nanosec=898188817), level=20, name='dc_motor', msg=""Publishing current: '1.141334'"", file='/home/matheuswagner/repos/adaptive-cubesat-adcs/cubesat-simulation/src/cubesat_gazebo/plugins/dc_motor_plugin/src/dc_motor_plugin.cc', function='Publish', line=71)"
36,37,6,1643988690925019790,"rosgraph_msgs.msg.Clock(clock=builtin_interfaces.msg.Time(sec=6, nanosec=78300000))"
37,38,6,1643988691025559455,"rosgraph_msgs.msg.Clock(clock=builtin_interfaces.msg.Time(sec=6, nanosec=88900000))"
38,39,1,1643988691093144221,"rcl_interfaces.msg.Log(stamp=builtin_interfaces.msg.Time(sec=1643988691, nanosec=92934128), level=20, name='minimal_publisher', msg=""Publishing: '15'"", file='/home/matheuswagner/repos/adaptive-cubesat-adcs/cubesat-simulation/src/cubesat_controller/src/controller.cpp', function='timer_callback', line=38)"
39,40,3,1643988691093325557,std_msgs.msg.Int32(data=15)
40,41,6,1643988691126073757,"rosgraph_msgs.msg.Clock(clock=builtin_interfaces.msg.Time(sec=6, nanosec=99000000))"
41,42,6,1643988691227883372,"rosgraph_msgs.msg.Clock(clock=builtin_interfaces.msg.Time(sec=6, nanosec=108800000))"
42,43,6,1643988691326975812,"rosgraph_msgs.msg.Clock(clock=builtin_interfaces.msg.Time(sec=6, nanosec=118700000))"
43,44,6,1643988691427538529,"rosgraph_msgs.msg.Clock(clock=builtin_interfaces.msg.Time(sec=6, nanosec=128800000))"
44,45,6,1643988691527831698,"rosgraph_msgs.msg.Clock(clock=builtin_interfaces.msg.Time(sec=6, nanosec=138900000))"
45,46,6,1643988691628796776,"rosgraph_msgs.msg.Clock(clock=builtin_interfaces.msg.Time(sec=6, nanosec=148900000))"
46,47,6,1643988691729384842,"rosgraph_msgs.msg.Clock(clock=builtin_interfaces.msg.Time(sec=6, nanosec=159000000))"
47,48,6,1643988691829935065,"rosgraph_msgs.msg.Clock(clock=builtin_interfaces.msg.Time(sec=6, nanosec=169100000))"
48,49,1,1643988691898718858,"rcl_interfaces.msg.Log(stamp=builtin_interfaces.msg.Time(sec=1643988691, nanosec=898201178), level=20, name='dc_motor', msg=""Publishing velocity: '24.335480'"", file='/home/matheuswagner/repos/adaptive-cubesat-adcs/cubesat-simulation/src/cubesat_gazebo/plugins/dc_motor_plugin/src/dc_motor_plugin.cc', function='Publish', line=67)"
49,50,1,1643988691898976129,"rcl_interfaces.msg.Log(stamp=builtin_interfaces.msg.Time(sec=1643988691, nanosec=898333423), level=20, name='dc_motor', msg=""Publishing current: '1.678919'"", file='/home/matheuswagner/repos/adaptive-cubesat-adcs/cubesat-simulation/src/cubesat_gazebo/plugins/dc_motor_plugin/src/dc_motor_plugin.cc', function='Publish', line=71)"
50,51,4,1643988691899046790,std_msgs.msg.Float32(data=24.335479736328125)
51,52,5,1643988691899106649,std_msgs.msg.Float32(data=1.678918719291687)
52,53,6,1643988691930856264,"rosgraph_msgs.msg.Clock(clock=builtin_interfaces.msg.Time(sec=6, nanosec=179200000))"
53,54,6,1643988692030957065,"rosgraph_msgs.msg.Clock(clock=builtin_interfaces.msg.Time(sec=6, nanosec=189200000))"
54,55,1,1643988692093423065,"rcl_interfaces.msg.Log(stamp=builtin_interfaces.msg.Time(sec=1643988692, nanosec=92958059), level=20, name='minimal_publisher', msg=""Publishing: '20'"", file='/home/matheuswagner/repos/adaptive-cubesat-adcs/cubesat-simulation/src/cubesat_controller/src/controller.cpp', function='timer_callback', line=38)"
55,56,3,1643988692093634538,std_msgs.msg.Int32(data=20)
56,57,6,1643988692130865530,"rosgraph_msgs.msg.Clock(clock=builtin_interfaces.msg.Time(sec=6, nanosec=199100000))"
57,58,6,1643988692231671292,"rosgraph_msgs.msg.Clock(clock=builtin_interfaces.msg.Time(sec=6, nanosec=209000000))"
58,59,6,1643988692332752862,"rosgraph_msgs.msg.Clock(clock=builtin_interfaces.msg.Time(sec=6, nanosec=218800000))"
59,60,6,1643988692432935129,"rosgraph_msgs.msg.Clock(clock=builtin_interfaces.msg.Time(sec=6, nanosec=229000000))"
60,61,6,1643988692533323371,"rosgraph_msgs.msg.Clock(clock=builtin_interfaces.msg.Time(sec=6, nanosec=239100000))"
61,62,6,1643988692633649966,"rosgraph_msgs.msg.Clock(clock=builtin_interfaces.msg.Time(sec=6, nanosec=249100000))"
62,63,6,1643988692733744989,"rosgraph_msgs.msg.Clock(clock=builtin_interfaces.msg.Time(sec=6, nanosec=259100000))"
63,64,6,1643988692834719470,"rosgraph_msgs.msg.Clock(clock=builtin_interfaces.msg.Time(sec=6, nanosec=269200000))"
64,65,1,1643988692898517209,"rcl_interfaces.msg.Log(stamp=builtin_interfaces.msg.Time(sec=1643988692, nanosec=898220348), level=20, name='dc_motor', msg=""Publishing velocity: '40.965580'"", file='/home/matheuswagner/repos/adaptive-cubesat-adcs/cubesat-simulation/src/cubesat_gazebo/plugins/dc_motor_plugin/src/dc_motor_plugin.cc', function='Publish', line=67)"
65,66,1,1643988692898648784,"rcl_interfaces.msg.Log(stamp=builtin_interfaces.msg.Time(sec=1643988692, nanosec=898280546), level=20, name='dc_motor', msg=""Publishing current: '2.195952'"", file='/home/matheuswagner/repos/adaptive-cubesat-adcs/cubesat-simulation/src/cubesat_gazebo/plugins/dc_motor_plugin/src/dc_motor_plugin.cc', function='Publish', line=71)"
66,67,4,1643988692898700516,std_msgs.msg.Float32(data=40.965579986572266)
67,68,5,1643988692898742732,std_msgs.msg.Float32(data=2.1959517002105713)
68,69,6,1643988692934742085,"rosgraph_msgs.msg.Clock(clock=builtin_interfaces.msg.Time(sec=6, nanosec=279100000))"
69,70,6,1643988693035892454,"rosgraph_msgs.msg.Clock(clock=builtin_interfaces.msg.Time(sec=6, nanosec=288900000))"
70,71,1,1643988693093554986,"rcl_interfaces.msg.Log(stamp=builtin_interfaces.msg.Time(sec=1643988693, nanosec=93056348), level=20, name='minimal_publisher', msg=""Publishing: '100'"", file='/home/matheuswagner/repos/adaptive-cubesat-adcs/cubesat-simulation/src/cubesat_controller/src/controller.cpp', function='timer_callback', line=38)"
71,72,3,1643988693093908583,std_msgs.msg.Int32(data=100)
72,73,6,1643988693136001492,"rosgraph_msgs.msg.Clock(clock=builtin_interfaces.msg.Time(sec=6, nanosec=298700000))"
73,74,6,1643988693236409094,"rosgraph_msgs.msg.Clock(clock=builtin_interfaces.msg.Time(sec=6, nanosec=308600000))"
74,75,6,1643988693336977966,"rosgraph_msgs.msg.Clock(clock=builtin_interfaces.msg.Time(sec=6, nanosec=318600000))"
75,76,6,1643988693436852657,"rosgraph_msgs.msg.Clock(clock=builtin_interfaces.msg.Time(sec=6, nanosec=328600000))"
76,77,6,1643988693537881497,"rosgraph_msgs.msg.Clock(clock=builtin_interfaces.msg.Time(sec=6, nanosec=338600000))"
77,78,6,1643988693638233334,"rosgraph_msgs.msg.Clock(clock=builtin_interfaces.msg.Time(sec=6, nanosec=348500000))"
78,79,6,1643988693738683096,"rosgraph_msgs.msg.Clock(clock=builtin_interfaces.msg.Time(sec=6, nanosec=358500000))"
79,80,6,1643988693838584216,"rosgraph_msgs.msg.Clock(clock=builtin_interfaces.msg.Time(sec=6, nanosec=368400000))"
80,81,1,1643988693898991927,"rcl_interfaces.msg.Log(stamp=builtin_interfaces.msg.Time(sec=1643988693, nanosec=898271039), level=20, name='dc_motor', msg=""Publishing velocity: '116.393066'"", file='/home/matheuswagner/repos/adaptive-cubesat-adcs/cubesat-simulation/src/cubesat_gazebo/plugins/dc_motor_plugin/src/dc_motor_plugin.cc', function='Publish', line=67)"
81,82,4,1643988693899364312,std_msgs.msg.Float32(data=116.39306640625)
82,83,1,1643988693899547118,"rcl_interfaces.msg.Log(stamp=builtin_interfaces.msg.Time(sec=1643988693, nanosec=898464073), level=20, name='dc_motor', msg=""Publishing current: '11.421638'"", file='/home/matheuswagner/repos/adaptive-cubesat-adcs/cubesat-simulation/src/cubesat_gazebo/plugins/dc_motor_plugin/src/dc_motor_plugin.cc', function='Publish', line=71)"
83,84,5,1643988693899684591,std_msgs.msg.Float32(data=11.421638488769531)
84,85,6,1643988693938569961,"rosgraph_msgs.msg.Clock(clock=builtin_interfaces.msg.Time(sec=6, nanosec=378400000))"
85,86,6,1643988694039407514,"rosgraph_msgs.msg.Clock(clock=builtin_interfaces.msg.Time(sec=6, nanosec=388700000))"
86,87,1,1643988694093263856,"rcl_interfaces.msg.Log(stamp=builtin_interfaces.msg.Time(sec=1643988694, nanosec=93047123), level=20, name='minimal_publisher', msg=""Publishing: '100'"", file='/home/matheuswagner/repos/adaptive-cubesat-adcs/cubesat-simulation/src/cubesat_controller/src/controller.cpp', function='timer_callback', line=38)"
87,88,3,1643988694093397155,std_msgs.msg.Int32(data=100)
88,89,6,1643988694139980521,"rosgraph_msgs.msg.Clock(clock=builtin_interfaces.msg.Time(sec=6, nanosec=398400000))"
89,90,6,1643988694240563920,"rosgraph_msgs.msg.Clock(clock=builtin_interfaces.msg.Time(sec=6, nanosec=408500000))"
90,91,6,1643988694340900527,"rosgraph_msgs.msg.Clock(clock=builtin_interfaces.msg.Time(sec=6, nanosec=418500000))"
91,92,6,1643988694441672275,"rosgraph_msgs.msg.Clock(clock=builtin_interfaces.msg.Time(sec=6, nanosec=428500000))"
92,93,6,1643988694542166300,"rosgraph_msgs.msg.Clock(clock=builtin_interfaces.msg.Time(sec=6, nanosec=438500000))"
93,94,6,1643988694642792803,"rosgraph_msgs.msg.Clock(clock=builtin_interfaces.msg.Time(sec=6, nanosec=448600000))"
94,95,6,1643988694742714069,"rosgraph_msgs.msg.Clock(clock=builtin_interfaces.msg.Time(sec=6, nanosec=458400000))"
95,96,6,1643988694843682593,"rosgraph_msgs.msg.Clock(clock=builtin_interfaces.msg.Time(sec=6, nanosec=468400000))"
96,97,1,1643988694898831021,"rcl_interfaces.msg.Log(stamp=builtin_interfaces.msg.Time(sec=1643988694, nanosec=898317910), level=20, name='dc_motor', msg=""Publishing velocity: '204.340866'"", file='/home/matheuswagner/repos/adaptive-cubesat-adcs/cubesat-simulation/src/cubesat_gazebo/plugins/dc_motor_plugin/src/dc_motor_plugin.cc', function='Publish', line=67)"
97,98,1,1643988694899194811,"rcl_interfaces.msg.Log(stamp=builtin_interfaces.msg.Time(sec=1643988694, nanosec=898499433), level=20, name='dc_motor', msg=""Publishing current: '10.982194'"", file='/home/matheuswagner/repos/adaptive-cubesat-adcs/cubesat-simulation/src/cubesat_gazebo/plugins/dc_motor_plugin/src/dc_motor_plugin.cc', function='Publish', line=71)"
98,99,4,1643988694899405130,std_msgs.msg.Float32(data=204.3408660888672)
99,100,5,1643988694899552861,std_msgs.msg.Float32(data=10.982193946838379)
100,101,6,1643988694943997913,"rosgraph_msgs.msg.Clock(clock=builtin_interfaces.msg.Time(sec=6, nanosec=478500000))"
101,102,6,1643988695044414170,"rosgraph_msgs.msg.Clock(clock=builtin_interfaces.msg.Time(sec=6, nanosec=488400000))"
102,103,1,1643988695093598653,"rcl_interfaces.msg.Log(stamp=builtin_interfaces.msg.Time(sec=1643988695, nanosec=93050415), level=20, name='minimal_publisher', msg=""Publishing: '100'"", file='/home/matheuswagner/repos/adaptive-cubesat-adcs/cubesat-simulation/src/cubesat_controller/src/controller.cpp', function='timer_callback', line=38)"
103,104,3,1643988695093909777,std_msgs.msg.Int32(data=100)
104,105,6,1643988695145262900,"rosgraph_msgs.msg.Clock(clock=builtin_interfaces.msg.Time(sec=6, nanosec=498400000))"
105,106,6,1643988695245527717,"rosgraph_msgs.msg.Clock(clock=builtin_interfaces.msg.Time(sec=6, nanosec=508400000))"
106,107,6,1643988695345809814,"rosgraph_msgs.msg.Clock(clock=builtin_interfaces.msg.Time(sec=6, nanosec=518400000))"
107,108,6,1643988695445973043,"rosgraph_msgs.msg.Clock(clock=builtin_interfaces.msg.Time(sec=6, nanosec=528400000))"
108,109,6,1643988695546717404,"rosgraph_msgs.msg.Clock(clock=builtin_interfaces.msg.Time(sec=6, nanosec=538400000))"
109,110,6,1643988695647678106,"rosgraph_msgs.msg.Clock(clock=builtin_interfaces.msg.Time(sec=6, nanosec=548400000))"
110,111,6,1643988695748593582,"rosgraph_msgs.msg.Clock(clock=builtin_interfaces.msg.Time(sec=6, nanosec=558400000))"
111,112,6,1643988695848995108,"rosgraph_msgs.msg.Clock(clock=builtin_interfaces.msg.Time(sec=6, nanosec=568400000))"
112,113,1,1643988695898854100,"rcl_interfaces.msg.Log(stamp=builtin_interfaces.msg.Time(sec=1643988695, nanosec=898450869), level=20, name='dc_motor', msg=""Publishing velocity: '288.729492'"", file='/home/matheuswagner/repos/adaptive-cubesat-adcs/cubesat-simulation/src/cubesat_gazebo/plugins/dc_motor_plugin/src/dc_motor_plugin.cc', function='Publish', line=67)"
113,114,4,1643988695899021561,std_msgs.msg.Float32(data=288.7294921875)
114,115,5,1643988695899111572,std_msgs.msg.Float32(data=10.559685707092285)
115,116,1,1643988695899186318,"rcl_interfaces.msg.Log(stamp=builtin_interfaces.msg.Time(sec=1643988695, nanosec=898549903), level=20, name='dc_motor', msg=""Publishing current: '10.559686'"", file='/home/matheuswagner/repos/adaptive-cubesat-adcs/cubesat-simulation/src/cubesat_gazebo/plugins/dc_motor_plugin/src/dc_motor_plugin.cc', function='Publish', line=71)"
116,117,6,1643988695949085022,"rosgraph_msgs.msg.Clock(clock=builtin_interfaces.msg.Time(sec=6, nanosec=578300000))"
117,118,6,1643988696049893138,"rosgraph_msgs.msg.Clock(clock=builtin_interfaces.msg.Time(sec=6, nanosec=588200000))"
118,119,1,1643988696093539398,"rcl_interfaces.msg.Log(stamp=builtin_interfaces.msg.Time(sec=1643988696, nanosec=93146202), level=20, name='minimal_publisher', msg=""Publishing: '100'"", file='/home/matheuswagner/repos/adaptive-cubesat-adcs/cubesat-simulation/src/cubesat_controller/src/controller.cpp', function='timer_callback', line=38)"
119,120,3,1643988696093698006,std_msgs.msg.Int32(data=100)
120,121,6,1643988696150424708,"rosgraph_msgs.msg.Clock(clock=builtin_interfaces.msg.Time(sec=6, nanosec=598100000))"
121,122,6,1643988696251151111,"rosgraph_msgs.msg.Clock(clock=builtin_interfaces.msg.Time(sec=6, nanosec=608100000))"
122,123,6,1643988696351799221,"rosgraph_msgs.msg.Clock(clock=builtin_interfaces.msg.Time(sec=6, nanosec=618400000))"
123,124,6,1643988696452534600,"rosgraph_msgs.msg.Clock(clock=builtin_interfaces.msg.Time(sec=6, nanosec=628500000))"
124,125,6,1643988696552787620,"rosgraph_msgs.msg.Clock(clock=builtin_interfaces.msg.Time(sec=6, nanosec=638500000))"
125,126,6,1643988696653453350,"rosgraph_msgs.msg.Clock(clock=builtin_interfaces.msg.Time(sec=6, nanosec=648500000))"
126,127,6,1643988696754493058,"rosgraph_msgs.msg.Clock(clock=builtin_interfaces.msg.Time(sec=6, nanosec=658400000))"
127,128,6,1643988696854617788,"rosgraph_msgs.msg.Clock(clock=builtin_interfaces.msg.Time(sec=6, nanosec=668400000))"
128,129,1,1643988696898904748,"rcl_interfaces.msg.Log(stamp=builtin_interfaces.msg.Time(sec=1643988696, nanosec=898406854), level=20, name='dc_motor', msg=""Publishing velocity: '369.861633'"", file='/home/matheuswagner/repos/adaptive-cubesat-adcs/cubesat-simulation/src/cubesat_gazebo/plugins/dc_motor_plugin/src/dc_motor_plugin.cc', function='Publish', line=67)"
129,130,1,1643988696899177954,"rcl_interfaces.msg.Log(stamp=builtin_interfaces.msg.Time(sec=1643988696, nanosec=898539310), level=20, name='dc_motor', msg=""Publishing current: '10.154296'"", file='/home/matheuswagner/repos/adaptive-cubesat-adcs/cubesat-simulation/src/cubesat_gazebo/plugins/dc_motor_plugin/src/dc_motor_plugin.cc', function='Publish', line=71)"
130,131,4,1643988696899347362,std_msgs.msg.Float32(data=369.86163330078125)
131,132,5,1643988696899454298,std_msgs.msg.Float32(data=10.154295921325684)
132,133,6,1643988696955167003,"rosgraph_msgs.msg.Clock(clock=builtin_interfaces.msg.Time(sec=6, nanosec=678300000))"
133,134,6,1643988697054806514,"rosgraph_msgs.msg.Clock(clock=builtin_interfaces.msg.Time(sec=6, nanosec=688200000))"
134,135,1,1643988697093689740,"rcl_interfaces.msg.Log(stamp=builtin_interfaces.msg.Time(sec=1643988697, nanosec=93222274), level=20, name='minimal_publisher', msg=""Publishing: '100'"", file='/home/matheuswagner/repos/adaptive-cubesat-adcs/cubesat-simulation/src/cubesat_controller/src/controller.cpp', function='timer_callback', line=38)"
135,136,3,1643988697093889080,std_msgs.msg.Int32(data=100)
136,137,6,1643988697155236974,"rosgraph_msgs.msg.Clock(clock=builtin_interfaces.msg.Time(sec=6, nanosec=698100000))"
137,138,6,1643988697255836865,"rosgraph_msgs.msg.Clock(clock=builtin_interfaces.msg.Time(sec=6, nanosec=708000000))"
138,139,6,1643988697356698475,"rosgraph_msgs.msg.Clock(clock=builtin_interfaces.msg.Time(sec=6, nanosec=718000000))"
139,140,6,1643988697457345407,"rosgraph_msgs.msg.Clock(clock=builtin_interfaces.msg.Time(sec=6, nanosec=728100000))"
140,141,6,1643988697557883120,"rosgraph_msgs.msg.Clock(clock=builtin_interfaces.msg.Time(sec=6, nanosec=738100000))"
141,142,6,1643988697658531827,"rosgraph_msgs.msg.Clock(clock=builtin_interfaces.msg.Time(sec=6, nanosec=748000000))"
142,143,6,1643988697759089809,"rosgraph_msgs.msg.Clock(clock=builtin_interfaces.msg.Time(sec=6, nanosec=758000000))"
143,144,6,1643988697859447083,"rosgraph_msgs.msg.Clock(clock=builtin_interfaces.msg.Time(sec=6, nanosec=768000000))"
144,145,1,1643988697899137358,"rcl_interfaces.msg.Log(stamp=builtin_interfaces.msg.Time(sec=1643988697, nanosec=898467659), level=20, name='dc_motor', msg=""Publishing velocity: '447.699585'"", file='/home/matheuswagner/repos/adaptive-cubesat-adcs/cubesat-simulation/src/cubesat_gazebo/plugins/dc_motor_plugin/src/dc_motor_plugin.cc', function='Publish', line=67)"
145,146,1,1643988697899526696,"rcl_interfaces.msg.Log(stamp=builtin_interfaces.msg.Time(sec=1643988697, nanosec=898663540), level=20, name='dc_motor', msg=""Publishing current: '9.764968'"", file='/home/matheuswagner/repos/adaptive-cubesat-adcs/cubesat-simulation/src/cubesat_gazebo/plugins/dc_motor_plugin/src/dc_motor_plugin.cc', function='Publish', line=71)"
146,147,4,1643988697899690656,std_msgs.msg.Float32(data=447.6995849609375)
147,148,5,1643988697899808190,std_msgs.msg.Float32(data=9.764967918395996)
148,149,6,1643988697959954949,"rosgraph_msgs.msg.Clock(clock=builtin_interfaces.msg.Time(sec=6, nanosec=778000000))"
149,150,6,1643988698060324054,"rosgraph_msgs.msg.Clock(clock=builtin_interfaces.msg.Time(sec=6, nanosec=787900000))"
150,151,1,1643988698094209288,"rcl_interfaces.msg.Log(stamp=builtin_interfaces.msg.Time(sec=1643988698, nanosec=93338197), level=20, name='minimal_publisher', msg=""Publishing: '100'"", file='/home/matheuswagner/repos/adaptive-cubesat-adcs/cubesat-simulation/src/cubesat_controller/src/controller.cpp', function='timer_callback', line=38)"
151,152,3,1643988698094597024,std_msgs.msg.Int32(data=100)
152,153,6,1643988698160723895,"rosgraph_msgs.msg.Clock(clock=builtin_interfaces.msg.Time(sec=6, nanosec=797800000))"
153,154,6,1643988698260634537,"rosgraph_msgs.msg.Clock(clock=builtin_interfaces.msg.Time(sec=6, nanosec=807600000))"
154,155,6,1643988698361552667,"rosgraph_msgs.msg.Clock(clock=builtin_interfaces.msg.Time(sec=6, nanosec=817500000))"
155,156,6,1643988698461225503,"rosgraph_msgs.msg.Clock(clock=builtin_interfaces.msg.Time(sec=6, nanosec=827400000))"
156,157,6,1643988698561880428,"rosgraph_msgs.msg.Clock(clock=builtin_interfaces.msg.Time(sec=6, nanosec=837500000))"
157,158,6,1643988698662259861,"rosgraph_msgs.msg.Clock(clock=builtin_interfaces.msg.Time(sec=6, nanosec=847500000))"
158,159,6,1643988698762749863,"rosgraph_msgs.msg.Clock(clock=builtin_interfaces.msg.Time(sec=6, nanosec=857500000))"
159,160,6,1643988698862639682,"rosgraph_msgs.msg.Clock(clock=builtin_interfaces.msg.Time(sec=6, nanosec=867400000))"
160,161,1,1643988698898938638,"rcl_interfaces.msg.Log(stamp=builtin_interfaces.msg.Time(sec=1643988698, nanosec=898469722), level=20, name='dc_motor', msg=""Publishing velocity: '522.393799'"", file='/home/matheuswagner/repos/adaptive-cubesat-adcs/cubesat-simulation/src/cubesat_gazebo/plugins/dc_motor_plugin/src/dc_motor_plugin.cc', function='Publish', line=67)"
161,162,1,1643988698899251241,"rcl_interfaces.msg.Log(stamp=builtin_interfaces.msg.Time(sec=1643988698, nanosec=898588840), level=20, name='dc_motor', msg=""Publishing current: '9.390991'"", file='/home/matheuswagner/repos/adaptive-cubesat-adcs/cubesat-simulation/src/cubesat_gazebo/plugins/dc_motor_plugin/src/dc_motor_plugin.cc', function='Publish', line=71)"
162,163,4,1643988698899426943,std_msgs.msg.Float32(data=522.393798828125)
163,164,5,1643988698899586778,std_msgs.msg.Float32(data=9.3909912109375)
164,165,6,1643988698963070955,"rosgraph_msgs.msg.Clock(clock=builtin_interfaces.msg.Time(sec=6, nanosec=877400000))"
165,166,6,1643988699063737705,"rosgraph_msgs.msg.Clock(clock=builtin_interfaces.msg.Time(sec=6, nanosec=887600000))"
166,167,1,1643988699093631673,"rcl_interfaces.msg.Log(stamp=builtin_interfaces.msg.Time(sec=1643988699, nanosec=93260046), level=20, name='minimal_publisher', msg=""Publishing: '100'"", file='/home/matheuswagner/repos/adaptive-cubesat-adcs/cubesat-simulation/src/cubesat_controller/src/controller.cpp', function='timer_callback', line=38)"
167,168,3,1643988699093755741,std_msgs.msg.Int32(data=100)
168,169,6,1643988699164901232,"rosgraph_msgs.msg.Clock(clock=builtin_interfaces.msg.Time(sec=6, nanosec=897400000))"
169,170,6,1643988699265192210,"rosgraph_msgs.msg.Clock(clock=builtin_interfaces.msg.Time(sec=6, nanosec=907400000))"
170,171,6,1643988699366137361,"rosgraph_msgs.msg.Clock(clock=builtin_interfaces.msg.Time(sec=6, nanosec=917400000))"
171,172,6,1643988699466377222,"rosgraph_msgs.msg.Clock(clock=builtin_interfaces.msg.Time(sec=6, nanosec=927300000))"
172,173,6,1643988699566824714,"rosgraph_msgs.msg.Clock(clock=builtin_interfaces.msg.Time(sec=6, nanosec=937300000))"
173,174,6,1643988699667401535,"rosgraph_msgs.msg.Clock(clock=builtin_interfaces.msg.Time(sec=6, nanosec=947400000))"
174,175,6,1643988699768126101,"rosgraph_msgs.msg.Clock(clock=builtin_interfaces.msg.Time(sec=6, nanosec=957400000))"
175,176,6,1643988699868639430,"rosgraph_msgs.msg.Clock(clock=builtin_interfaces.msg.Time(sec=6, nanosec=967300000))"
176,177,1,1643988699899295055,"rcl_interfaces.msg.Log(stamp=builtin_interfaces.msg.Time(sec=1643988699, nanosec=898501086), level=20, name='dc_motor', msg=""Publishing velocity: '594.527100'"", file='/home/matheuswagner/repos/adaptive-cubesat-adcs/cubesat-simulation/src/cubesat_gazebo/plugins/dc_motor_plugin/src/dc_motor_plugin.cc', function='Publish', line=67)"
177,178,4,1643988699900268756,std_msgs.msg.Float32(data=594.527099609375)
178,179,5,1643988699900447858,std_msgs.msg.Float32(data=9.03021240234375)
179,180,1,1643988699900608872,"rcl_interfaces.msg.Log(stamp=builtin_interfaces.msg.Time(sec=1643988699, nanosec=898713523), level=20, name='dc_motor', msg=""Publishing current: '9.030212'"", file='/home/matheuswagner/repos/adaptive-cubesat-adcs/cubesat-simulation/src/cubesat_gazebo/plugins/dc_motor_plugin/src/dc_motor_plugin.cc', function='Publish', line=71)"
180,181,6,1643988699968840417,"rosgraph_msgs.msg.Clock(clock=builtin_interfaces.msg.Time(sec=6, nanosec=977400000))"
181,182,6,1643988700068996739,"rosgraph_msgs.msg.Clock(clock=builtin_interfaces.msg.Time(sec=6, nanosec=987500000))"
182,183,1,1643988700094017242,"rcl_interfaces.msg.Log(stamp=builtin_interfaces.msg.Time(sec=1643988700, nanosec=93330717), level=20, name='minimal_publisher', msg=""Publishing: '100'"", file='/home/matheuswagner/repos/adaptive-cubesat-adcs/cubesat-simulation/src/cubesat_controller/src/controller.cpp', function='timer_callback', line=38)"
183,184,3,1643988700094371443,std_msgs.msg.Int32(data=100)
184,185,6,1643988700169277535,"rosgraph_msgs.msg.Clock(clock=builtin_interfaces.msg.Time(sec=6, nanosec=997300000))"
185,186,6,1643988700270390569,"rosgraph_msgs.msg.Clock(clock=builtin_interfaces.msg.Time(sec=7, nanosec=7400000))"
186,187,6,1643988700370994170,"rosgraph_msgs.msg.Clock(clock=builtin_interfaces.msg.Time(sec=7, nanosec=17300000))"
187,188,6,1643988700471967531,"rosgraph_msgs.msg.Clock(clock=builtin_interfaces.msg.Time(sec=7, nanosec=27300000))"
188,189,6,1643988700571845965,"rosgraph_msgs.msg.Clock(clock=builtin_interfaces.msg.Time(sec=7, nanosec=37300000))"
189,190,6,1643988700672383821,"rosgraph_msgs.msg.Clock(clock=builtin_interfaces.msg.Time(sec=7, nanosec=47100000))"
190,191,6,1643988700772589125,"rosgraph_msgs.msg.Clock(clock=builtin_interfaces.msg.Time(sec=7, nanosec=57100000))"
191,192,6,1643988700873347931,"rosgraph_msgs.msg.Clock(clock=builtin_interfaces.msg.Time(sec=7, nanosec=67200000))"
192,193,1,1643988700899162749,"rcl_interfaces.msg.Log(stamp=builtin_interfaces.msg.Time(sec=1643988700, nanosec=898521474), level=20, name='dc_motor', msg=""Publishing velocity: '663.872314'"", file='/home/matheuswagner/repos/adaptive-cubesat-adcs/cubesat-simulation/src/cubesat_gazebo/plugins/dc_motor_plugin/src/dc_motor_plugin.cc', function='Publish', line=67)"
193,194,1,1643988700899611109,"rcl_interfaces.msg.Log(stamp=builtin_interfaces.msg.Time(sec=1643988700, nanosec=898708558), level=20, name='dc_motor', msg=""Publishing current: '8.683719'"", file='/home/matheuswagner/repos/adaptive-cubesat-adcs/cubesat-simulation/src/cubesat_gazebo/plugins/dc_motor_plugin/src/dc_motor_plugin.cc', function='Publish', line=71)"
194,195,4,1643988700899827200,std_msgs.msg.Float32(data=663.872314453125)
195,196,5,1643988700900048431,std_msgs.msg.Float32(data=8.68371868133545)
196,197,6,1643988700973905609,"rosgraph_msgs.msg.Clock(clock=builtin_interfaces.msg.Time(sec=7, nanosec=77300000))"
197,198,6,1643988701074800158,"rosgraph_msgs.msg.Clock(clock=builtin_interfaces.msg.Time(sec=7, nanosec=87200000))"
198,199,1,1643988701094068035,"rcl_interfaces.msg.Log(stamp=builtin_interfaces.msg.Time(sec=1643988701, nanosec=93455780), level=20, name='minimal_publisher', msg=""Publishing: '100'"", file='/home/matheuswagner/repos/adaptive-cubesat-adcs/cubesat-simulation/src/cubesat_controller/src/controller.cpp', function='timer_callback', line=38)"
199,200,3,1643988701094496194,std_msgs.msg.Int32(data=100)
200,201,6,1643988701175379459,"rosgraph_msgs.msg.Clock(clock=builtin_interfaces.msg.Time(sec=7, nanosec=97200000))"
201,202,6,1643988701276229492,"rosgraph_msgs.msg.Clock(clock=builtin_interfaces.msg.Time(sec=7, nanosec=107100000))"
202,203,6,1643988701376023829,"rosgraph_msgs.msg.Clock(clock=builtin_interfaces.msg.Time(sec=7, nanosec=117100000))"
203,204,6,1643988701476526777,"rosgraph_msgs.msg.Clock(clock=builtin_interfaces.msg.Time(sec=7, nanosec=127300000))"
204,205,6,1643988701577130554,"rosgraph_msgs.msg.Clock(clock=builtin_interfaces.msg.Time(sec=7, nanosec=137200000))"
205,206,6,1643988701676821507,"rosgraph_msgs.msg.Clock(clock=builtin_interfaces.msg.Time(sec=7, nanosec=147300000))"
206,207,6,1643988701777138940,"rosgraph_msgs.msg.Clock(clock=builtin_interfaces.msg.Time(sec=7, nanosec=157200000))"
207,208,6,1643988701877523808,"rosgraph_msgs.msg.Clock(clock=builtin_interfaces.msg.Time(sec=7, nanosec=166900000))"
208,209,1,1643988701899867021,"rcl_interfaces.msg.Log(stamp=builtin_interfaces.msg.Time(sec=1643988701, nanosec=898898287), level=20, name='dc_motor', msg=""Publishing velocity: '730.454285'"", file='/home/matheuswagner/repos/adaptive-cubesat-adcs/cubesat-simulation/src/cubesat_gazebo/plugins/dc_motor_plugin/src/dc_motor_plugin.cc', function='Publish', line=67)"
209,210,4,1643988701900333949,std_msgs.msg.Float32(data=730.4542846679688)
210,211,1,1643988701900525386,"rcl_interfaces.msg.Log(stamp=builtin_interfaces.msg.Time(sec=1643988701, nanosec=899181361), level=20, name='dc_motor', msg=""Publishing current: '8.350361'"", file='/home/matheuswagner/repos/adaptive-cubesat-adcs/cubesat-simulation/src/cubesat_gazebo/plugins/dc_motor_plugin/src/dc_motor_plugin.cc', function='Publish', line=71)"
211,212,5,1643988701900721572,std_msgs.msg.Float32(data=8.350360870361328)
212,213,6,1643988701977504936,"rosgraph_msgs.msg.Clock(clock=builtin_interfaces.msg.Time(sec=7, nanosec=176700000))"
213,214,6,1643988702078439469,"rosgraph_msgs.msg.Clock(clock=builtin_interfaces.msg.Time(sec=7, nanosec=186700000))"
214,215,1,1643988702095188865,"rcl_interfaces.msg.Log(stamp=builtin_interfaces.msg.Time(sec=1643988702, nanosec=93354703), level=20, name='minimal_publisher', msg=""Publishing: '100'"", file='/home/matheuswagner/repos/adaptive-cubesat-adcs/cubesat-simulation/src/cubesat_controller/src/controller.cpp', function='timer_callback', line=38)"
215,216,3,1643988702095874694,std_msgs.msg.Int32(data=100)
216,217,6,1643988702178159399,"rosgraph_msgs.msg.Clock(clock=builtin_interfaces.msg.Time(sec=7, nanosec=196900000))"
217,218,6,1643988702278652019,"rosgraph_msgs.msg.Clock(clock=builtin_interfaces.msg.Time(sec=7, nanosec=207100000))"
218,219,6,1643988702378928822,"rosgraph_msgs.msg.Clock(clock=builtin_interfaces.msg.Time(sec=7, nanosec=217200000))"
219,220,6,1643988702479076440,"rosgraph_msgs.msg.Clock(clock=builtin_interfaces.msg.Time(sec=7, nanosec=227200000))"
220,221,6,1643988702579428216,"rosgraph_msgs.msg.Clock(clock=builtin_interfaces.msg.Time(sec=7, nanosec=237200000))"
221,222,6,1643988702679614239,"rosgraph_msgs.msg.Clock(clock=builtin_interfaces.msg.Time(sec=7, nanosec=247200000))"
222,223,6,1643988702779883990,"rosgraph_msgs.msg.Clock(clock=builtin_interfaces.msg.Time(sec=7, nanosec=257200000))"
223,224,6,1643988702880467703,"rosgraph_msgs.msg.Clock(clock=builtin_interfaces.msg.Time(sec=7, nanosec=267300000))"
224,225,1,1643988702898670883,"rcl_interfaces.msg.Log(stamp=builtin_interfaces.msg.Time(sec=1643988702, nanosec=898498844), level=20, name='dc_motor', msg=""Publishing velocity: '794.954529'"", file='/home/matheuswagner/repos/adaptive-cubesat-adcs/cubesat-simulation/src/cubesat_gazebo/plugins/dc_motor_plugin/src/dc_motor_plugin.cc', function='Publish', line=67)"
225,226,4,1643988702898776654,std_msgs.msg.Float32(data=794.9545288085938)
226,227,5,1643988702898804911,std_msgs.msg.Float32(data=8.028069496154785)
227,228,1,1643988702898839823,"rcl_interfaces.msg.Log(stamp=builtin_interfaces.msg.Time(sec=1643988702, nanosec=898540913), level=20, name='dc_motor', msg=""Publishing current: '8.028069'"", file='/home/matheuswagner/repos/adaptive-cubesat-adcs/cubesat-simulation/src/cubesat_gazebo/plugins/dc_motor_plugin/src/dc_motor_plugin.cc', function='Publish', line=71)"
228,229,6,1643988702980992907,"rosgraph_msgs.msg.Clock(clock=builtin_interfaces.msg.Time(sec=7, nanosec=277300000))"
229,230,6,1643988703081271719,"rosgraph_msgs.msg.Clock(clock=builtin_interfaces.msg.Time(sec=7, nanosec=287200000))"
230,231,1,1643988703093515679,"rcl_interfaces.msg.Log(stamp=builtin_interfaces.msg.Time(sec=1643988703, nanosec=93303306), level=20, name='minimal_publisher', msg=""Publishing: '100'"", file='/home/matheuswagner/repos/adaptive-cubesat-adcs/cubesat-simulation/src/cubesat_controller/src/controller.cpp', function='timer_callback', line=38)"
231,232,3,1643988703093633002,std_msgs.msg.Int32(data=100)
232,233,6,1643988703181338767,"rosgraph_msgs.msg.Clock(clock=builtin_interfaces.msg.Time(sec=7, nanosec=297200000))"
233,234,6,1643988703281916885,"rosgraph_msgs.msg.Clock(clock=builtin_interfaces.msg.Time(sec=7, nanosec=307300000))"
234,235,6,1643988703382037030,"rosgraph_msgs.msg.Clock(clock=builtin_interfaces.msg.Time(sec=7, nanosec=317300000))"
235,236,6,1643988703482473296,"rosgraph_msgs.msg.Clock(clock=builtin_interfaces.msg.Time(sec=7, nanosec=327300000))"
236,237,6,1643988703583337079,"rosgraph_msgs.msg.Clock(clock=builtin_interfaces.msg.Time(sec=7, nanosec=337100000))"
237,238,6,1643988703683933159,"rosgraph_msgs.msg.Clock(clock=builtin_interfaces.msg.Time(sec=7, nanosec=347200000))"
238,239,6,1643988703784613480,"rosgraph_msgs.msg.Clock(clock=builtin_interfaces.msg.Time(sec=7, nanosec=357200000))"
239,240,6,1643988703884915360,"rosgraph_msgs.msg.Clock(clock=builtin_interfaces.msg.Time(sec=7, nanosec=367100000))"
240,241,1,1643988703899511695,"rcl_interfaces.msg.Log(stamp=builtin_interfaces.msg.Time(sec=1643988703, nanosec=898901480), level=20, name='dc_motor', msg=""Publishing velocity: '856.491577'"", file='/home/matheuswagner/repos/adaptive-cubesat-adcs/cubesat-simulation/src/cubesat_gazebo/plugins/dc_motor_plugin/src/dc_motor_plugin.cc', function='Publish', line=67)"
241,242,1,1643988703899885829,"rcl_interfaces.msg.Log(stamp=builtin_interfaces.msg.Time(sec=1643988703, nanosec=899033139), level=20, name='dc_motor', msg=""Publishing current: '7.720274'"", file='/home/matheuswagner/repos/adaptive-cubesat-adcs/cubesat-simulation/src/cubesat_gazebo/plugins/dc_motor_plugin/src/dc_motor_plugin.cc', function='Publish', line=71)"
242,243,4,1643988703900106914,std_msgs.msg.Float32(data=856.4915771484375)
243,244,5,1643988703900283010,std_msgs.msg.Float32(data=7.720274448394775)
244,245,6,1643988703985367273,"rosgraph_msgs.msg.Clock(clock=builtin_interfaces.msg.Time(sec=7, nanosec=377100000))"
245,246,6,1643988704085753782,"rosgraph_msgs.msg.Clock(clock=builtin_interfaces.msg.Time(sec=7, nanosec=387000000))"
246,247,1,1643988704093684120,"rcl_interfaces.msg.Log(stamp=builtin_interfaces.msg.Time(sec=1643988704, nanosec=93355599), level=20, name='minimal_publisher', msg=""Publishing: '100'"", file='/home/matheuswagner/repos/adaptive-cubesat-adcs/cubesat-simulation/src/cubesat_controller/src/controller.cpp', function='timer_callback', line=38)"
247,248,3,1643988704093809069,std_msgs.msg.Int32(data=100)
248,249,6,1643988704186188957,"rosgraph_msgs.msg.Clock(clock=builtin_interfaces.msg.Time(sec=7, nanosec=397000000))"
249,250,6,1643988704286855516,"rosgraph_msgs.msg.Clock(clock=builtin_interfaces.msg.Time(sec=7, nanosec=406900000))"
250,251,6,1643988704387360326,"rosgraph_msgs.msg.Clock(clock=builtin_interfaces.msg.Time(sec=7, nanosec=417000000))"
251,252,6,1643988704487964224,"rosgraph_msgs.msg.Clock(clock=builtin_interfaces.msg.Time(sec=7, nanosec=426900000))"
252,253,6,1643988704588948566,"rosgraph_msgs.msg.Clock(clock=builtin_interfaces.msg.Time(sec=7, nanosec=436900000))"
253,254,6,1643988704689687596,"rosgraph_msgs.msg.Clock(clock=builtin_interfaces.msg.Time(sec=7, nanosec=446900000))"
254,255,6,1643988704789911235,"rosgraph_msgs.msg.Clock(clock=builtin_interfaces.msg.Time(sec=7, nanosec=456900000))"
255,256,6,1643988704891044996,"rosgraph_msgs.msg.Clock(clock=builtin_interfaces.msg.Time(sec=7, nanosec=466800000))"
256,257,1,1643988704899163198,"rcl_interfaces.msg.Log(stamp=builtin_interfaces.msg.Time(sec=1643988704, nanosec=898700079), level=20, name='dc_motor', msg=""Publishing velocity: '915.403137'"", file='/home/matheuswagner/repos/adaptive-cubesat-adcs/cubesat-simulation/src/cubesat_gazebo/plugins/dc_motor_plugin/src/dc_motor_plugin.cc', function='Publish', line=67)"
257,258,1,1643988704899528421,"rcl_interfaces.msg.Log(stamp=builtin_interfaces.msg.Time(sec=1643988704, nanosec=898834779), level=20, name='dc_motor', msg=""Publishing current: '7.425606'"", file='/home/matheuswagner/repos/adaptive-cubesat-adcs/cubesat-simulation/src/cubesat_gazebo/plugins/dc_motor_plugin/src/dc_motor_plugin.cc', function='Publish', line=71)"
258,259,4,1643988704899727093,std_msgs.msg.Float32(data=915.4031372070312)
259,260,5,1643988704899926581,std_msgs.msg.Float32(data=7.4256062507629395)
260,261,6,1643988704991643279,"rosgraph_msgs.msg.Clock(clock=builtin_interfaces.msg.Time(sec=7, nanosec=476900000))"
261,262,6,1643988705092509587,"rosgraph_msgs.msg.Clock(clock=builtin_interfaces.msg.Time(sec=7, nanosec=486800000))"
262,263,1,1643988705093976318,"rcl_interfaces.msg.Log(stamp=builtin_interfaces.msg.Time(sec=1643988705, nanosec=93408772), level=20, name='minimal_publisher', msg=""Publishing: '100'"", file='/home/matheuswagner/repos/adaptive-cubesat-adcs/cubesat-simulation/src/cubesat_controller/src/controller.cpp', function='timer_callback', line=38)"
263,264,3,1643988705094267260,std_msgs.msg.Int32(data=100)
264,265,6,1643988705192983058,"rosgraph_msgs.msg.Clock(clock=builtin_interfaces.msg.Time(sec=7, nanosec=496800000))"
265,266,6,1643988705293056052,"rosgraph_msgs.msg.Clock(clock=builtin_interfaces.msg.Time(sec=7, nanosec=506800000))"
266,267,6,1643988705393691397,"rosgraph_msgs.msg.Clock(clock=builtin_interfaces.msg.Time(sec=7, nanosec=516900000))"
267,268,6,1643988705495000945,"rosgraph_msgs.msg.Clock(clock=builtin_interfaces.msg.Time(sec=7, nanosec=526900000))"
268,269,6,1643988705595646867,"rosgraph_msgs.msg.Clock(clock=builtin_interfaces.msg.Time(sec=7, nanosec=536800000))"
269,270,6,1643988705696785371,"rosgraph_msgs.msg.Clock(clock=builtin_interfaces.msg.Time(sec=7, nanosec=546800000))"
270,271,6,1643988705796841914,"rosgraph_msgs.msg.Clock(clock=builtin_interfaces.msg.Time(sec=7, nanosec=556700000))"
271,272,6,1643988705897216767,"rosgraph_msgs.msg.Clock(clock=builtin_interfaces.msg.Time(sec=7, nanosec=566700000))"
272,273,1,1643988705899272988,"rcl_interfaces.msg.Log(stamp=builtin_interfaces.msg.Time(sec=1643988705, nanosec=898674558), level=20, name='dc_motor', msg=""Publishing velocity: '972.133240'"", file='/home/matheuswagner/repos/adaptive-cubesat-adcs/cubesat-simulation/src/cubesat_gazebo/plugins/dc_motor_plugin/src/dc_motor_plugin.cc', function='Publish', line=67)"
273,274,1,1643988705899666021,"rcl_interfaces.msg.Log(stamp=builtin_interfaces.msg.Time(sec=1643988705, nanosec=898799047), level=20, name='dc_motor', msg=""Publishing current: '7.141860'"", file='/home/matheuswagner/repos/adaptive-cubesat-adcs/cubesat-simulation/src/cubesat_gazebo/plugins/dc_motor_plugin/src/dc_motor_plugin.cc', function='Publish', line=71)"
274,275,4,1643988705899785550,std_msgs.msg.Float32(data=972.1332397460938)
275,276,5,1643988705899874515,std_msgs.msg.Float32(data=7.141860485076904)
276,277,6,1643988705997804565,"rosgraph_msgs.msg.Clock(clock=builtin_interfaces.msg.Time(sec=7, nanosec=577000000))"
277,278,1,1643988706094074799,"rcl_interfaces.msg.Log(stamp=builtin_interfaces.msg.Time(sec=1643988706, nanosec=93499517), level=20, name='minimal_publisher', msg=""Publishing: '100'"", file='/home/matheuswagner/repos/adaptive-cubesat-adcs/cubesat-simulation/src/cubesat_controller/src/controller.cpp', function='timer_callback', line=38)"
278,279,3,1643988706094349304,std_msgs.msg.Int32(data=100)
279,280,6,1643988706099185841,"rosgraph_msgs.msg.Clock(clock=builtin_interfaces.msg.Time(sec=7, nanosec=586800000))"
280,281,6,1643988706199657757,"rosgraph_msgs.msg.Clock(clock=builtin_interfaces.msg.Time(sec=7, nanosec=596700000))"
281,282,6,1643988706300048332,"rosgraph_msgs.msg.Clock(clock=builtin_interfaces.msg.Time(sec=7, nanosec=606900000))"
282,283,6,1643988706400701458,"rosgraph_msgs.msg.Clock(clock=builtin_interfaces.msg.Time(sec=7, nanosec=616800000))"
283,284,6,1643988706501524959,"rosgraph_msgs.msg.Clock(clock=builtin_interfaces.msg.Time(sec=7, nanosec=626800000))"
284,285,6,1643988706601379251,"rosgraph_msgs.msg.Clock(clock=builtin_interfaces.msg.Time(sec=7, nanosec=636700000))"
285,286,6,1643988706702185690,"rosgraph_msgs.msg.Clock(clock=builtin_interfaces.msg.Time(sec=7, nanosec=646900000))"
286,287,6,1643988706802846769,"rosgraph_msgs.msg.Clock(clock=builtin_interfaces.msg.Time(sec=7, nanosec=656800000))"
287,288,1,1643988706899260798,"rcl_interfaces.msg.Log(stamp=builtin_interfaces.msg.Time(sec=1643988706, nanosec=898713221), level=20, name='dc_motor', msg=""Publishing velocity: '1026.888672'"", file='/home/matheuswagner/repos/adaptive-cubesat-adcs/cubesat-simulation/src/cubesat_gazebo/plugins/dc_motor_plugin/src/dc_motor_plugin.cc', function='Publish', line=67)"
288,289,1,1643988706899538737,"rcl_interfaces.msg.Log(stamp=builtin_interfaces.msg.Time(sec=1643988706, nanosec=898871710), level=20, name='dc_motor', msg=""Publishing current: '6.867988'"", file='/home/matheuswagner/repos/adaptive-cubesat-adcs/cubesat-simulation/src/cubesat_gazebo/plugins/dc_motor_plugin/src/dc_motor_plugin.cc', function='Publish', line=71)"
289,290,4,1643988706899731987,std_msgs.msg.Float32(data=1026.888671875)
290,291,5,1643988706899851956,std_msgs.msg.Float32(data=6.867988109588623)
291,292,6,1643988706902879059,"rosgraph_msgs.msg.Clock(clock=builtin_interfaces.msg.Time(sec=7, nanosec=666700000))"
